Tranzactie alimentare card,Fri Apr 30 19:26:14 EEST 2021
Tranzactie alimentare card,Fri Apr 30 19:33:30 EEST 2021
Tranzactie alimentare card,Fri Apr 30 19:34:32 EEST 2021
Tranzactie alimentare card,Fri Apr 30 19:34:40 EEST 2021
Afiseaza tranzactii, cont 13RO4900004949,Fri Apr 30 19:40:13 EEST 2021
Afiseaza carduri, cont 13RO4900004949,Fri Apr 30 19:40:21 EEST 2021
Afiseaza conturi, cont 13RO4900004949,Fri Apr 30 19:40:22 EEST 2021
Alimentare card 5567909312,Fri Apr 30 19:40:28 EEST 2021
Afiseaza tranzactii, cont 13RO4900004949,Fri Apr 30 19:40:30 EEST 2021
Afiseaza tranzactii, cont 12RO3420001234,Fri Apr 30 21:06:32 EEST 2021
Afiseaza conturi, cont 13RO4900004949,Fri Apr 30 21:19:10 EEST 2021
Alimentare card 5567909312,Fri Apr 30 21:19:16 EEST 2021
Afiseaza conturi, cont 13RO4900004949,Fri Apr 30 21:22:22 EEST 2021
Alimentare card 5567909312,Fri Apr 30 21:22:25 EEST 2021
Afiseaza conturi, cont 13RO4900004949,Fri Apr 30 21:34:13 EEST 2021
Afiseaza conturi, cont 13RO4900004949,Fri Apr 30 21:42:15 EEST 2021
Afiseaza carduri, cont 13RO4900004949,Fri Apr 30 21:47:51 EEST 2021
Afiseaza conturi, cont 13RO4900004949,Fri Apr 30 21:47:56 EEST 2021
Afiseaza conturi, cont 13RO4900004949,Fri Apr 30 22:00:16 EEST 2021
Afiseaza carduri, cont 13RO4900004949,Fri Apr 30 22:00:17 EEST 2021
Afiseaza conturi, cont 13RO4900004949,Fri Apr 30 22:01:30 EEST 2021
Afiseaza tranzactii, cont 13RO4900004949,Fri Apr 30 22:01:31 EEST 2021
Afiseaza conturi, cont 13RO4900004949,Fri Apr 30 22:02:00 EEST 2021
Afiseaza conturi, cont 13RO4900004949,Fri Apr 30 22:02:32 EEST 2021
Afiseaza conturi, cont 13RO4900004949,Fri Apr 30 22:24:17 EEST 2021
Afiseaza conturi, cont 13RO4900004949,Fri Apr 30 22:25:39 EEST 2021
Afiseaza conturi, cont 13RO4900004949,Fri Apr 30 22:26:38 EEST 2021
Afiseaza carduri, cont 13RO4900004949,Fri Apr 30 22:27:33 EEST 2021
Alimentare card 5017209300,Fri Apr 30 22:31:16 EEST 2021
Afiseaza carduri, cont 13RO4900004949,Fri Apr 30 22:47:16 EEST 2021
Alimentare card 5567909312,Fri Apr 30 22:47:34 EEST 2021
Afiseaza tranzactii, cont 13RO4900004949,Fri Apr 30 22:48:51 EEST 2021
Verificare sold, cont 13RO4900004949,Fri Apr 30 22:48:55 EEST 2021
Afiseaza tranzactii, cont 13RO4900004949,Fri Apr 30 22:48:56 EEST 2021
Alimentare card 5017209300,Fri Apr 30 22:49:07 EEST 2021
Afiseaza conturi, cont 13RO4900004949,Fri Apr 30 22:52:01 EEST 2021
Alimentare card 5567909312,Fri Apr 30 22:52:09 EEST 2021
Afiseaza conturi, cont 13RO4900004949,Fri Apr 30 22:53:54 EEST 2021
Alimentare card 5567909312,Fri Apr 30 22:54:02 EEST 2021
Afiseaza conturi, cont 13RO4900004949,Fri Apr 30 22:59:10 EEST 2021
Alimentare card 5017209300,Fri Apr 30 22:59:17 EEST 2021
Afiseaza conturi, cont 13RO4900004949,Fri Apr 30 23:00:12 EEST 2021
Alimentare card 5567909312,Fri Apr 30 23:00:18 EEST 2021
Afiseaza conturi, cont 13RO4900004949,Fri Apr 30 23:02:36 EEST 2021
Alimentare card 5567909312,Fri Apr 30 23:02:42 EEST 2021
Afiseaza conturi, cont 12RO3420001234,Fri Apr 30 23:03:36 EEST 2021
Afiseaza tranzactii, cont 13RO4900004949,Fri Apr 30 23:11:51 EEST 2021
Afiseaza tranzactii, cont 13RO4900004949,Fri Apr 30 23:11:55 EEST 2021
Afiseaza tranzactii, cont 13RO4900004949,Fri Apr 30 23:11:56 EEST 2021
Alimentare card 5017209300,Fri Apr 30 23:12:03 EEST 2021
Alimentare card 5567909312,Fri Apr 30 23:12:18 EEST 2021
Alimentare card 5017209300,Fri Apr 30 23:12:33 EEST 2021
Afiseaza tranzactii, cont 13RO4900004949,Fri Apr 30 23:12:37 EEST 2021
Afiseaza tranzactii, cont 13RO4900004949,Fri Apr 30 23:14:53 EEST 2021
Afiseaza conturi, cont 13RO4900004949,Fri Apr 30 23:14:56 EEST 2021
Afiseaza tranzactii, cont 13RO4900004949,Fri Apr 30 23:14:57 EEST 2021
Alimentare card 5017209300,Fri Apr 30 23:15:08 EEST 2021
Afiseaza carduri, cont 13RO4900004949,Fri Apr 30 23:15:12 EEST 2021
Afiseaza conturi, cont 13RO4900004949,Fri Apr 30 23:17:42 EEST 2021
Alimentare card 5017209300,Fri Apr 30 23:17:48 EEST 2021
Afiseaza conturi, cont 13RO4900004949,Fri Apr 30 23:17:52 EEST 2021
Afiseaza carduri, cont 13RO4900004949,Fri Apr 30 23:17:54 EEST 2021
Afiseaza tranzactii, cont 13RO4900004949,Fri Apr 30 23:18:04 EEST 2021
Verificare sold, cont 13RO4900004949,Fri Apr 30 23:18:53 EEST 2021
Afiseaza tranzactii, cont 13RO4900004949,Fri Apr 30 23:30:10 EEST 2021
Afiseaza conturi, cont 13RO4900004949,Fri Apr 30 23:30:13 EEST 2021
Alimentare card 5017209300,Fri Apr 30 23:30:24 EEST 2021
Alimentare card 5017209300,Fri Apr 30 23:30:27 EEST 2021
Alimentare card 5567909312,Fri Apr 30 23:30:32 EEST 2021
Afiseaza tranzactii, cont 13RO4900004949,Fri Apr 30 23:30:37 EEST 2021
Afiseaza conturi, cont 13RO4900004949,Fri Apr 30 23:32:08 EEST 2021
Alimentare card 5017209300,Fri Apr 30 23:32:16 EEST 2021
Alimentare card 5017209300,Fri Apr 30 23:32:23 EEST 2021
Alimentare card 5567909312,Fri Apr 30 23:32:27 EEST 2021
Afiseaza tranzactii, cont 13RO4900004949,Fri Apr 30 23:32:32 EEST 2021
Verificare sold, cont 13RO4900004949,Fri Apr 30 23:32:42 EEST 2021
Afiseaza tranzactii, cont 13RO4900004949,Fri Apr 30 23:57:04 EEST 2021
Verificare sold, cont 13RO4900004949,Fri Apr 30 23:57:06 EEST 2021
Afiseaza tranzactii, cont 13RO4900004949,Fri Apr 30 23:57:08 EEST 2021
Alimentare card 5017209300,Fri Apr 30 23:58:13 EEST 2021
Afiseaza tranzactii, cont 13RO4900004949,Fri Apr 30 23:58:20 EEST 2021
Afiseaza tranzactii, cont 13RO4900004949,Sat May 01 17:36:17 EEST 2021
Afiseaza carduri, cont 13RO4900004949,Sat May 01 17:36:19 EEST 2021
Afiseaza tranzactii, cont 13RO4900004949,Sat May 01 17:36:21 EEST 2021
Alimentare card 5567909312,Sat May 01 17:36:27 EEST 2021
Afiseaza tranzactii, cont 13RO4900004949,Sat May 01 17:36:31 EEST 2021
Afiseaza carduri, cont 13RO4900004949,Sat May 01 19:25:28 EEST 2021
Afiseaza conturi, cont 13RO4900004949,Sat May 01 19:30:32 EEST 2021
Afiseaza conturi, cont 13RO4900004949,Sat May 01 19:32:11 EEST 2021
Afiseaza conturi, cont 13RO4900004949,Sat May 01 19:32:43 EEST 2021
Afiseaza conturi, cont 13RO4900004949,Sat May 01 19:33:51 EEST 2021
Afiseaza conturi, cont 13RO4900004949,Sat May 01 19:43:09 EEST 2021
Afiseaza carduri, cont 13RO4900004949,Sat May 01 19:46:48 EEST 2021
Afiseaza conturi, cont 13RO4900004949,Sat May 01 19:47:38 EEST 2021
Afiseaza conturi, cont 13RO4900004949,Sat May 01 19:51:58 EEST 2021
Afiseaza conturi, cont 13RO4900004949,Sat May 01 19:53:23 EEST 2021
Afiseaza conturi, cont 13RO4900004949,Sat May 01 19:54:05 EEST 2021
Afiseaza conturi, cont 13RO4900004949,Sat May 01 19:54:34 EEST 2021
Afiseaza conturi, cont 13RO4900004949,Sat May 01 20:12:34 EEST 2021
Adaugare card, cont 13RO4900004949,Sat May 01 20:12:35 EEST 2021
Afiseaza conturi, cont 13RO4900004949,Sat May 01 20:13:51 EEST 2021
Adaugare card, cont 13RO4900004949,Sat May 01 20:13:52 EEST 2021
Afiseaza conturi, cont 13RO4900004949,Sat May 01 20:14:22 EEST 2021
Adaugare card, cont 13RO4900004949,Sat May 01 20:14:23 EEST 2021
Afiseaza conturi, cont 13RO4900004949,Sat May 01 20:14:50 EEST 2021
Adaugare card, cont 13RO4900004949,Sat May 01 20:14:51 EEST 2021
Afiseaza conturi, cont 13RO4900004949,Sat May 01 20:15:18 EEST 2021
Adaugare card, cont 13RO4900004949,Sat May 01 20:15:19 EEST 2021
Afiseaza conturi, cont 13RO4900004949,Sat May 01 20:15:52 EEST 2021
Adaugare card, cont 13RO4900004949,Sat May 01 20:15:53 EEST 2021
Afiseaza carduri, cont 13RO4900004949,Sat May 01 20:16:21 EEST 2021
Adaugare card, cont 13RO4900004949,Sat May 01 20:16:23 EEST 2021
Afiseaza carduri, cont 13RO4900004949,Sat May 01 20:17:00 EEST 2021
Adaugare card, cont 13RO4900004949,Sat May 01 20:17:01 EEST 2021
Adaugare card, cont 13RO4900004949,Sat May 01 20:17:35 EEST 2021
Adaugare card, cont 13RO4900004949,Sat May 01 20:17:39 EEST 2021
Adaugare card, cont 13RO4900004949,Sat May 01 20:17:46 EEST 2021
Afiseaza conturi, cont 13RO4900004949,Sat May 01 20:18:40 EEST 2021
Adaugare card, cont 13RO4900004949,Sat May 01 20:18:41 EEST 2021
Adaugare card, cont 12RO3420001234,Sat May 01 20:19:13 EEST 2021
Afiseaza conturi, cont 12RO3420001234,Sat May 01 20:19:16 EEST 2021
Adaugare card, cont 12RO3420001234,Sat May 01 20:19:17 EEST 2021
Afiseaza conturi, cont 13RO4900004949,Sat May 01 20:20:34 EEST 2021
Adaugare card, cont 13RO4900004949,Sat May 01 20:20:36 EEST 2021
Afiseaza conturi, cont 13RO4900004949,Sat May 01 20:21:29 EEST 2021
Adaugare card, cont 13RO4900004949,Sat May 01 20:21:30 EEST 2021
Afiseaza conturi, cont 13RO4900004949,Sat May 01 20:22:17 EEST 2021
Adaugare card, cont 13RO4900004949,Sat May 01 20:22:18 EEST 2021
Afiseaza conturi, cont 13RO4900004949,Sat May 01 21:03:12 EEST 2021
Adaugare card, cont 13RO4900004949,Sat May 01 21:03:28 EEST 2021
Afiseaza conturi, cont 13RO4900004949,Sat May 01 21:05:39 EEST 2021
Adaugare card, cont 13RO4900004949,Sat May 01 21:05:41 EEST 2021
Afiseaza conturi, cont 13RO4900004949,Sat May 01 21:05:51 EEST 2021
Afiseaza carduri, cont 13RO4900004949,Sat May 01 21:05:56 EEST 2021
Afiseaza tranzactii, cont 13RO4900004949,Sat May 01 21:06:02 EEST 2021
Afiseaza tranzactii, cont 13RO4900004949,Sat May 01 21:06:04 EEST 2021
Afiseaza tranzactii, cont 13RO4900004949,Sat May 01 21:06:04 EEST 2021
Afiseaza tranzactii, cont 13RO4900004949,Sat May 01 21:06:04 EEST 2021
Verificare sold, cont 13RO4900004949,Sat May 01 21:06:05 EEST 2021
Afiseaza tranzactii, cont 13RO4900004949,Sat May 01 21:06:07 EEST 2021
Afiseaza conturi, cont 13RO4900004949,Sat May 01 21:06:09 EEST 2021
Adaugare card, cont 13RO4900004949,Sat May 01 21:06:15 EEST 2021
Adaugare card, cont 13RO4900004949,Sat May 01 21:06:16 EEST 2021
Adaugare card, cont 13RO4900004949,Sat May 01 21:17:19 EEST 2021
Afiseaza conturi, cont 13RO4900004949,Sat May 01 21:17:22 EEST 2021
Adaugare card, cont 13RO4900004949,Sat May 01 21:17:23 EEST 2021
Afiseaza conturi, cont 13RO4900004949,Sat May 01 21:17:34 EEST 2021
Afiseaza carduri, cont 13RO4900004949,Sat May 01 21:23:25 EEST 2021
Afiseaza conturi, cont 13RO4900004949,Sat May 01 21:23:27 EEST 2021
Afiseaza carduri, cont 13RO4900004949,Sat May 01 21:23:36 EEST 2021
Afiseaza tranzactii, cont 13RO4900004949,Sat May 01 21:23:42 EEST 2021
Afiseaza conturi, cont 13RO4900004949,Sat May 01 21:25:29 EEST 2021
Adaugare card, cont 13RO4900004949,Sat May 01 21:25:33 EEST 2021
Adaugare card, cont 13RO4900004949,Sat May 01 21:25:34 EEST 2021
Adaugare card, cont 13RO4900004949,Sat May 01 21:25:35 EEST 2021
Adaugare card, cont 13RO4900004949,Sat May 01 21:25:35 EEST 2021
Adaugare card, cont 13RO4900004949,Sat May 01 21:25:35 EEST 2021
Adaugare card, cont 13RO4900004949,Sat May 01 21:25:35 EEST 2021
Afiseaza conturi, cont 13RO4900004949,Sat May 01 21:26:50 EEST 2021
Adaugare card, cont 13RO4900004949,Sat May 01 21:26:51 EEST 2021
Afiseaza conturi, cont 13RO4900004949,Sat May 01 21:28:01 EEST 2021
Adaugare card, cont 13RO4900004949,Sat May 01 21:28:03 EEST 2021
Adaugare card, cont 13RO4900004949,Sat May 01 21:28:04 EEST 2021
Afiseaza conturi, cont 13RO4900004949,Sat May 01 21:29:35 EEST 2021
Adaugare card, cont 13RO4900004949,Sat May 01 21:29:36 EEST 2021
Afiseaza tranzactii, cont 13RO4900004949,Sat May 01 21:30:46 EEST 2021
Afiseaza tranzactii, cont 13RO4900004949,Sat May 01 21:30:47 EEST 2021
Afiseaza tranzactii, cont 13RO4900004949,Sat May 01 21:30:48 EEST 2021
Adaugare card, cont 13RO4900004949,Sat May 01 21:30:51 EEST 2021
Afiseaza conturi, cont 13RO4900004949,Sat May 01 21:30:58 EEST 2021
Afiseaza carduri, cont 13RO4900004949,Sat May 01 21:31:00 EEST 2021
Alimentare card 5017209300,Sat May 01 21:31:14 EEST 2021
Afiseaza tranzactii, cont 13RO4900004949,Sat May 01 21:31:21 EEST 2021
Afiseaza carduri, cont 13RO4900004949,Sat May 01 21:31:53 EEST 2021
Verificare sold, cont 13RO4900004949,Sat May 01 21:33:21 EEST 2021
Afiseaza conturi, cont 13RO4900004949,Sat May 01 21:33:34 EEST 2021
Adaugare card, cont 13RO4900004949,Sat May 01 21:33:36 EEST 2021
Afiseaza conturi, cont 13RO4900004949,Sat May 01 21:33:55 EEST 2021
Afiseaza carduri, cont 13RO4900004949,Sat May 01 21:33:57 EEST 2021
Afiseaza tranzactii, cont 13RO4900004949,Sat May 01 21:34:04 EEST 2021
Adaugare card, cont 13RO4900004949,Sat May 01 21:36:12 EEST 2021
Afiseaza conturi, cont 13RO4900004949,Sun May 02 17:26:51 EEST 2021
Adaugare card, cont 13RO4900004949,Sun May 02 17:26:55 EEST 2021
Adaugare card, cont 13RO4900004949,Sun May 02 19:31:03 EEST 2021
Afiseaza conturi, cont 13RO4900004949,Sun May 02 19:39:26 EEST 2021
Adaugare card, cont 13RO4900004949,Sun May 02 19:39:40 EEST 2021
Afiseaza tranzactii, cont 13RO4900004949,Sun May 02 19:39:59 EEST 2021
Afiseaza tranzactii, cont 13RO4900004949,Sun May 02 19:40:01 EEST 2021
Afiseaza carduri, cont 13RO4900004949,Sun May 02 19:40:16 EEST 2021
Afiseaza conturi, cont 13RO4900004949,Sun May 02 19:40:18 EEST 2021
Afiseaza tranzactii, cont 13RO4900004949,Sun May 02 19:40:20 EEST 2021
Verificare sold, cont 13RO4900004949,Sun May 02 19:40:22 EEST 2021
Alimentare card 5017209300,Sun May 02 19:40:30 EEST 2021
Afiseaza tranzactii, cont 13RO4900004949,Sun May 02 19:40:33 EEST 2021
Afiseaza carduri, cont 13RO4900004949,Sun May 02 19:40:36 EEST 2021
Afiseaza conturi, cont 13RO4900004949,Sun May 02 19:40:37 EEST 2021
Adaugare card, cont 13RO4900004949,Sun May 02 19:45:44 EEST 2021
Afiseaza conturi, cont 13RO4900004949,Sun May 02 19:46:38 EEST 2021
Afiseaza carduri, cont 13RO4900004949,Sun May 02 19:47:41 EEST 2021
Adaugare card, cont 13RO4900004949,Sun May 02 19:47:47 EEST 2021
Adaugare card, cont 13RO4900004949,Sun May 02 19:47:48 EEST 2021
Adaugare card, cont 13RO4900004949,Mon May 03 17:59:28 EEST 2021
Adaugare card, cont 13RO4900004949,Mon May 03 18:28:54 EEST 2021
Adaugare card, cont 13RO4900004949,Mon May 03 19:04:11 EEST 2021
Afiseaza carduri, cont 13RO4900004949,Mon May 03 19:05:24 EEST 2021
Afiseaza conturi, cont 13RO4900004949,Mon May 03 19:25:14 EEST 2021
Afiseaza carduri, cont 13RO4900004949,Mon May 03 19:25:16 EEST 2021
Adaugare card, cont 13RO4900004949,Mon May 03 19:25:17 EEST 2021
Afiseaza conturi, cont 13RO4900004949,Mon May 03 19:29:04 EEST 2021
Adaugare card, cont 13RO4900004949,Mon May 03 19:29:05 EEST 2021
Afiseaza conturi, cont 13RO4900004949,Mon May 03 19:35:05 EEST 2021
Adaugare card, cont 13RO4900004949,Mon May 03 19:35:07 EEST 2021
Afiseaza conturi, cont 13RO4900004949,Mon May 03 19:48:03 EEST 2021
Adaugare card, cont 13RO4900004949,Mon May 03 19:48:05 EEST 2021
Adaugare card, cont 12RO3420001234,Mon May 03 19:51:43 EEST 2021
Afiseaza carduri, cont 12RO3420001234,Mon May 03 19:52:01 EEST 2021
Afiseaza carduri, cont 12RO3420001234,Mon May 03 19:53:17 EEST 2021
Afiseaza tranzactii, cont 12RO3420001234,Mon May 03 19:53:21 EEST 2021
Afiseaza conturi, cont 13RO4900004949,Mon May 03 19:57:13 EEST 2021
Afiseaza carduri, cont 13RO4900004949,Mon May 03 19:57:15 EEST 2021
Adaugare card, cont 13RO4900004949,Mon May 03 19:57:19 EEST 2021
Afiseaza conturi, cont 13RO4900004949,Mon May 03 22:36:37 EEST 2021
Afiseaza carduri, cont 13RO4900004949,Mon May 03 22:36:38 EEST 2021
Adaugare card, cont 13RO4900004949,Mon May 03 22:36:41 EEST 2021
Afiseaza conturi, cont 13RO4900004949,Mon May 03 22:36:43 EEST 2021
Afiseaza carduri, cont 13RO4900004949,Mon May 03 22:36:44 EEST 2021
Afiseaza tranzactii, cont 13RO4900004949,Mon May 03 22:36:49 EEST 2021
Afiseaza carduri, cont 13RO4900004949,Mon May 03 22:36:51 EEST 2021
Afiseaza tranzactii, cont 13RO4900004949,Mon May 03 22:36:56 EEST 2021
Afiseaza conturi, cont 13RO4900004949,Mon May 03 22:41:12 EEST 2021
Adaugare card, cont 13RO4900004949,Mon May 03 22:41:12 EEST 2021
Afiseaza conturi, cont 12RO3420001234,Mon May 03 22:42:50 EEST 2021
Afiseaza carduri, cont 12RO3420001234,Mon May 03 22:42:52 EEST 2021
Adaugare card, cont 12RO3420001234,Mon May 03 22:42:55 EEST 2021
Verificare sold, cont 13RO4900004949,Mon May 03 22:47:43 EEST 2021
Afiseaza tranzactii, cont 12RO3420001234,Mon May 03 22:49:39 EEST 2021
Afiseaza carduri, cont 13RO4900004949,Tue May 04 00:10:54 EEST 2021
Afiseaza conturi, cont 12RO3420001234,Tue May 04 00:12:18 EEST 2021
Afiseaza tranzactii, cont 12RO3420001234,Tue May 04 00:13:05 EEST 2021
Afiseaza tranzactii, cont 12RO3420001234,Tue May 04 00:14:11 EEST 2021
Afiseaza conturi, cont 12RO3420001234,Tue May 04 00:15:44 EEST 2021
Afiseaza tranzactii, cont 12RO3420001234,Tue May 04 00:20:16 EEST 2021
Afiseaza tranzactii, cont 12RO3420001234,Tue May 04 00:23:22 EEST 2021
Afiseaza conturi, cont 12RO3420001234,Tue May 04 00:23:23 EEST 2021
Plateste o factura12RO3420001234,Tue May 04 00:38:57 EEST 2021
Afiseaza tranzactii, cont 12RO3420001234,Tue May 04 00:40:18 EEST 2021
Afiseaza conturi, cont 12RO3420001234,Tue May 04 00:55:27 EEST 2021
Afiseaza carduri, cont 12RO3420001234,Tue May 04 00:55:29 EEST 2021
Plateste o factura12RO3420001234,Tue May 04 00:55:30 EEST 2021
Afiseaza carduri, cont 13RO4900004949,Tue May 04 12:13:58 EEST 2021
Afiseaza carduri, cont 13RO4900004949,Tue May 04 12:14:06 EEST 2021
Adaugare card, cont 13RO4900004949,Tue May 04 12:14:16 EEST 2021
Afiseaza tranzactii, cont 12RO3420001234,Tue May 04 12:15:42 EEST 2021
Afiseaza tranzactii, cont 12RO3420001234,Tue May 04 12:16:39 EEST 2021
Adaugare card, cont 13RO4900004949,Tue May 04 12:19:31 EEST 2021
Afiseaza carduri, cont 13RO4900004949,Tue May 04 12:19:44 EEST 2021
Afiseaza conturi, cont 13RO4900004949,Tue May 04 12:19:44 EEST 2021
Afiseaza carduri, cont 13RO4900004949,Tue May 04 12:19:45 EEST 2021
Alimentare card 5567909312,Tue May 04 12:19:54 EEST 2021
Verificare sold, cont 13RO4900004949,Tue May 04 12:19:57 EEST 2021
Afiseaza tranzactii, cont 13RO4900004949,Tue May 04 12:19:59 EEST 2021
Plateste o factura13RO4900004949,Tue May 04 12:20:51 EEST 2021
Plateste o factura13RO4900004949,Tue May 04 12:21:18 EEST 2021
Plateste o factura13RO4900004949,Tue May 04 12:21:49 EEST 2021
Afiseaza tranzactii, cont 13RO4900004949,Tue May 04 12:22:10 EEST 2021
Plateste o factura13RO4900004949,Tue May 04 12:22:11 EEST 2021
Afiseaza tranzactii, cont 13RO4900004949,Tue May 04 12:22:12 EEST 2021
Afiseaza tranzactii, cont 13RO4900004949,Tue May 04 12:22:13 EEST 2021
Plateste o factura13RO4900004949,Tue May 04 12:22:15 EEST 2021
Afiseaza tranzactii, cont 13RO4900004949,Tue May 04 12:22:45 EEST 2021
Afiseaza tranzactii, cont 12RO3420001234,Tue May 04 12:23:55 EEST 2021
Afiseaza tranzactii, cont 13RO4900004949,Tue May 04 12:28:19 EEST 2021
Adaugare card, cont 13RO4900004949,Tue May 04 12:28:25 EEST 2021
Plateste o factura13RO4900004949,Tue May 04 12:30:57 EEST 2021
Afiseaza tranzactii, cont 13RO4900004949,Tue May 04 12:31:30 EEST 2021
Plateste o factura13RO4900004949,Tue May 04 12:31:31 EEST 2021
Plateste o factura13RO4900004949,Tue May 04 12:31:57 EEST 2021
Afiseaza tranzactii, cont 13RO4900004949,Tue May 04 12:32:06 EEST 2021
Plateste o factura13RO4900004949,Tue May 04 12:32:07 EEST 2021
Plateste o factura13RO4900004949,Tue May 04 12:32:52 EEST 2021
Plateste o factura13RO4900004949,Tue May 04 12:35:19 EEST 2021
Plateste o factura12RO3420001234,Tue May 04 12:35:47 EEST 2021
Plateste o factura13RO4900004949,Tue May 04 12:36:26 EEST 2021
Plateste o factura13RO4900004949,Tue May 04 12:37:06 EEST 2021
Afiseaza tranzactii, cont 13RO4900004949,Tue May 04 12:56:06 EEST 2021
Afiseaza tranzactii, cont 13RO4900004949,Tue May 04 12:56:08 EEST 2021
Afiseaza carduri, cont 13RO4900004949,Tue May 04 12:56:14 EEST 2021
Plateste o factura13RO4900004949,Tue May 04 12:56:17 EEST 2021
Afiseaza tranzactii, cont 13RO4900004949,Tue May 04 12:57:48 EEST 2021
Afiseaza tranzactii, cont 13RO4900004949,Tue May 04 12:57:49 EEST 2021
Plateste o factura13RO4900004949,Tue May 04 12:57:51 EEST 2021
Afiseaza tranzactii, cont 13RO4900004949,Tue May 04 12:57:52 EEST 2021
Plateste o factura13RO4900004949,Tue May 04 12:57:53 EEST 2021
Plateste o factura12RO3420001234,Tue May 04 13:07:51 EEST 2021
Afiseaza tranzactii, cont 12RO3420001234,Tue May 04 13:08:08 EEST 2021
Plateste o factura13RO4900004949,Tue May 04 13:09:55 EEST 2021
Afiseaza tranzactii, cont 13RO4900004949,Tue May 04 13:12:40 EEST 2021
Plateste o factura13RO4900004949,Tue May 04 13:12:42 EEST 2021
Adaugare card, cont 12RO3420001234,Tue May 04 13:16:14 EEST 2021
Plateste o factura12RO3420001234,Tue May 04 13:16:32 EEST 2021
Afiseaza carduri, cont 12RO3420001234,Tue May 04 13:16:42 EEST 2021
Adaugare card, cont 13RO4900004949,Tue May 04 13:18:33 EEST 2021
Afiseaza carduri, cont 13RO4900004949,Tue May 04 13:18:54 EEST 2021
Plateste o factura13RO4900004949,Tue May 04 13:19:00 EEST 2021
Plateste o factura13RO4900004949,Tue May 04 13:19:06 EEST 2021
Plateste o factura13RO4900004949,Tue May 04 13:19:07 EEST 2021
Plateste o factura13RO4900004949,Tue May 04 13:19:18 EEST 2021
Adaugare card, cont 13RO4900004949,Tue May 04 13:32:54 EEST 2021
Plateste o factura13RO4900004949,Tue May 04 13:33:08 EEST 2021
Afiseaza carduri, cont 13RO4900004949,Tue May 04 13:33:12 EEST 2021
Plateste o factura13RO4900004949,Tue May 04 13:33:16 EEST 2021
Afiseaza tranzactii, cont 13RO4900004949,Tue May 04 13:33:20 EEST 2021
Verificare sold, cont 13RO4900004949,Tue May 04 13:33:21 EEST 2021
Adaugare card, cont 12RO3420001234,Tue May 04 13:41:02 EEST 2021
Afiseaza carduri, cont 12RO3420001234,Tue May 04 13:41:18 EEST 2021
Plateste o factura12RO3420001234,Tue May 04 13:41:32 EEST 2021
Afiseaza carduri, cont 12RO3420001234,Tue May 04 13:41:49 EEST 2021
Afiseaza tranzactii, cont 12RO3420001234,Tue May 04 13:42:09 EEST 2021
Afiseaza carduri, cont 12RO3420001234,Tue May 04 13:42:13 EEST 2021
Afiseaza conturi, cont 12RO3420001234,Tue May 04 13:42:14 EEST 2021
Adaugare card, cont 12RO3420001234,Tue May 04 13:42:24 EEST 2021
Plateste o factura13RO4900004949,Tue May 04 13:56:50 EEST 2021
Afiseaza carduri, cont 13RO4900004949,Tue May 04 13:56:54 EEST 2021
Afiseaza carduri, cont 12RO3420001234,Tue May 04 14:08:19 EEST 2021
Afiseaza conturi, cont 12RO3420001234,Tue May 04 14:08:21 EEST 2021
Afiseaza carduri, cont 12RO3420001234,Tue May 04 14:08:22 EEST 2021
Afiseaza carduri, cont 13RO4900004949,Tue May 04 14:09:15 EEST 2021
Adaugare card, cont 13RO4900004949,Tue May 04 14:09:18 EEST 2021
Plateste o factura13RO4900004949,Tue May 04 14:09:21 EEST 2021
Alimentare card 5567909312,Tue May 04 14:09:43 EEST 2021
Plateste o factura13RO4900004949,Tue May 04 14:09:46 EEST 2021
Afiseaza tranzactii, cont 13RO4900004949,Tue May 04 14:10:24 EEST 2021
Afiseaza tranzactii, cont 13RO4900004949,Tue May 04 14:16:30 EEST 2021
Afiseaza tranzactii, cont 13RO4900004949,Tue May 04 14:16:32 EEST 2021
Adaugare card, cont 13RO4900004949,Tue May 04 14:16:36 EEST 2021
Afiseaza carduri, cont 13RO4900004949,Tue May 04 14:16:37 EEST 2021
Plateste o factura13RO4900004949,Tue May 04 14:16:40 EEST 2021
Alimentare card 5017209300,Tue May 04 14:17:04 EEST 2021
Plateste o factura13RO4900004949,Tue May 04 14:17:07 EEST 2021
Afiseaza tranzactii, cont 13RO4900004949,Tue May 04 14:17:43 EEST 2021
Plateste o factura13RO4900004949,Tue May 04 14:18:09 EEST 2021
Alimentare card 5017209300,Tue May 04 14:18:19 EEST 2021
Plateste o factura13RO4900004949,Tue May 04 14:18:24 EEST 2021
Plateste o factura13RO4900004949,Tue May 04 14:54:34 EEST 2021
Alimentare card 5017209300,Tue May 04 14:55:03 EEST 2021
Plateste o factura13RO4900004949,Tue May 04 14:55:08 EEST 2021
Afiseaza tranzactii, cont 13RO4900004949,Tue May 04 14:55:33 EEST 2021
Alimentare card 5017209300,Tue May 04 15:03:29 EEST 2021
Plateste o factura13RO4900004949,Tue May 04 15:03:32 EEST 2021
Afiseaza tranzactii, cont 13RO4900004949,Tue May 04 15:03:56 EEST 2021
Alimentare card 5017209300,Tue May 04 15:06:41 EEST 2021
Plateste o factura13RO4900004949,Tue May 04 15:06:43 EEST 2021
Afiseaza tranzactii, cont 13RO4900004949,Tue May 04 15:07:16 EEST 2021
Alimentare card 5567909312,Tue May 04 15:09:07 EEST 2021
Plateste o factura13RO4900004949,Tue May 04 15:09:12 EEST 2021
Afiseaza tranzactii, cont 13RO4900004949,Tue May 04 15:09:25 EEST 2021
Afiseaza tranzactii, cont 13RO4900004949,Tue May 04 15:11:01 EEST 2021
Afiseaza tranzactii, cont 13RO4900004949,Tue May 04 15:11:02 EEST 2021
Afiseaza carduri, cont 13RO4900004949,Tue May 04 15:11:04 EEST 2021
Afiseaza conturi, cont 13RO4900004949,Tue May 04 15:11:05 EEST 2021
Afiseaza tranzactii, cont 13RO4900004949,Tue May 04 15:11:06 EEST 2021
Afiseaza tranzactii, cont 13RO4900004949,Tue May 04 15:16:04 EEST 2021
Afiseaza tranzactii, cont 13RO4900004949,Tue May 04 15:16:06 EEST 2021
Verificare sold, cont 13RO4900004949,Tue May 04 15:16:08 EEST 2021
Afiseaza tranzactii, cont 13RO4900004949,Tue May 04 15:16:09 EEST 2021
Afiseaza conturi, cont 13RO4900004949,Tue May 04 15:16:16 EEST 2021
Afiseaza carduri, cont 13RO4900004949,Tue May 04 15:16:17 EEST 2021
Adaugare card, cont 13RO4900004949,Tue May 04 15:16:22 EEST 2021
Afiseaza conturi, cont 13RO4900004949,Tue May 04 15:16:24 EEST 2021
Afiseaza carduri, cont 13RO4900004949,Tue May 04 15:16:26 EEST 2021
Plateste o factura13RO4900004949,Tue May 04 15:16:28 EEST 2021
Adaugare card, cont 13RO4900004949,Tue May 04 15:38:15 EEST 2021
Afiseaza conturi, cont 13RO4900004949,Tue May 04 15:38:16 EEST 2021
Afiseaza carduri, cont 13RO4900004949,Tue May 04 15:38:17 EEST 2021
Plateste o factura13RO4900004949,Tue May 04 15:38:20 EEST 2021
Afiseaza carduri, cont 13RO4900004949,Tue May 04 15:38:30 EEST 2021
Adaugare card, cont 13RO4900004949,Tue May 04 15:45:10 EEST 2021
Afiseaza tranzactii, cont 13RO4900004949,Tue May 04 15:46:27 EEST 2021
Plateste o factura13RO4900004949,Tue May 04 15:46:28 EEST 2021
Afiseaza tranzactii, cont 13RO4900004949,Tue May 04 15:47:18 EEST 2021
Afiseaza carduri, cont 13RO4900004949,Tue May 04 15:47:20 EEST 2021
Afiseaza conturi, cont 13RO4900004949,Tue May 04 15:47:21 EEST 2021
Adaugare card, cont 13RO4900004949,Tue May 04 15:47:23 EEST 2021
Afiseaza tranzactii, cont 13RO4900004949,Tue May 04 15:52:22 EEST 2021
Verificare sold, cont 13RO4900004949,Tue May 04 15:52:23 EEST 2021
Afiseaza carduri, cont 13RO4900004949,Tue May 04 15:52:24 EEST 2021
Afiseaza conturi, cont 13RO4900004949,Tue May 04 15:52:25 EEST 2021
Plateste o factura13RO4900004949,Tue May 04 19:15:25 EEST 2021
Plateste o factura13RO4900004949,Tue May 04 19:18:50 EEST 2021
Plateste o factura13RO4900004949,Tue May 04 19:18:51 EEST 2021
Plateste o factura13RO4900004949,Tue May 04 19:18:57 EEST 2021
Afiseaza tranzactii, cont 13RO4900004949,Tue May 04 19:18:58 EEST 2021
Plateste o factura13RO4900004949,Tue May 04 19:19:00 EEST 2021
Afiseaza tranzactii, cont 12RO3420001234,Tue May 04 19:19:40 EEST 2021
Plateste o factura12RO3420001234,Tue May 04 19:19:41 EEST 2021
Afiseaza tranzactii, cont 12RO3420001234,Tue May 04 19:20:10 EEST 2021
Afiseaza carduri, cont 12RO3420001234,Tue May 04 19:20:14 EEST 2021
Afiseaza conturi, cont 12RO3420001234,Tue May 04 19:20:16 EEST 2021
Adaugare card, cont 12RO3420001234,Tue May 04 19:20:18 EEST 2021
Plateste o factura12RO3420001234,Tue May 04 19:20:20 EEST 2021
Adaugare card, cont 12RO3420001234,Tue May 04 19:21:12 EEST 2021
Plateste o factura12RO3420001234,Tue May 04 19:21:14 EEST 2021
Plateste o factura13RO4900004949,Tue May 04 19:22:58 EEST 2021
Adaugare card, cont 13RO4900004949,Tue May 04 19:23:01 EEST 2021
Afiseaza tranzactii, cont 13RO4900004949,Tue May 04 19:24:00 EEST 2021
Plateste o factura13RO4900004949,Tue May 04 19:24:02 EEST 2021
Plateste o factura13RO4900004949,Tue May 04 19:25:02 EEST 2021
Plateste o factura13RO4900004949,Tue May 04 19:26:27 EEST 2021
Afiseaza tranzactii, cont 13RO4900004949,Tue May 04 19:26:28 EEST 2021
Afiseaza carduri, cont 12RO3420001234,Tue May 04 19:28:10 EEST 2021
Afiseaza conturi, cont 12RO3420001234,Tue May 04 19:28:11 EEST 2021
Adaugare card, cont 12RO3420001234,Tue May 04 19:28:13 EEST 2021
Plateste o factura12RO3420001234,Tue May 04 19:28:15 EEST 2021
Afiseaza tranzactii, cont 12RO3420001234,Tue May 04 19:28:16 EEST 2021
Verificare sold, cont 12RO3420001234,Tue May 04 19:28:17 EEST 2021
Afiseaza conturi, cont 12RO3420001234,Tue May 04 19:28:18 EEST 2021
Verificare sold, cont 12RO3420001234,Tue May 04 19:28:19 EEST 2021
Afiseaza carduri, cont 12RO3420001234,Tue May 04 19:28:21 EEST 2021
Afiseaza conturi, cont 12RO3420001234,Tue May 04 19:28:22 EEST 2021
Adaugare card, cont 12RO3420001234,Tue May 04 19:28:24 EEST 2021
Adaugare card, cont 13RO4900004949,Tue May 04 19:29:34 EEST 2021
Alimentare card 5567909312,Tue May 04 19:32:23 EEST 2021
Afiseaza tranzactii, cont 13RO4900004949,Tue May 04 19:32:28 EEST 2021
Adaugare card, cont 13RO4900004949,Tue May 04 19:33:11 EEST 2021
Afiseaza carduri, cont 13RO4900004949,Tue May 04 19:33:13 EEST 2021
Afiseaza conturi, cont 13RO4900004949,Tue May 04 19:33:14 EEST 2021
Plateste o factura13RO4900004949,Tue May 04 19:33:16 EEST 2021
Afiseaza tranzactii, cont 13RO4900004949,Tue May 04 19:33:18 EEST 2021
Verificare sold, cont 13RO4900004949,Tue May 04 19:33:20 EEST 2021
Afiseaza tranzactii, cont 13RO4900004949,Tue May 04 19:33:21 EEST 2021
Plateste o factura13RO4900004949,Tue May 04 19:33:22 EEST 2021
Afiseaza carduri, cont 13RO4900004949,Tue May 04 19:33:26 EEST 2021
Afiseaza conturi, cont 13RO4900004949,Tue May 04 19:33:26 EEST 2021
Adaugare card, cont 13RO4900004949,Tue May 04 19:33:28 EEST 2021
Adaugare card, cont 13RO4900004949,Tue May 04 19:53:06 EEST 2021
Adaugare cont, cont 13RO4900004949,Tue May 04 19:53:08 EEST 2021
Adaugare cont, cont 13RO4900004949,Tue May 04 19:53:46 EEST 2021
Adaugare cont, cont 12RO3420001234,Tue May 04 20:11:14 EEST 2021
Plateste o factura13RO4900004949,Tue May 04 22:23:17 EEST 2021
Adaugare cont, cont 13RO4900004949,Tue May 04 22:23:21 EEST 2021
Afiseaza carduri, cont 13RO4900004949,Tue May 04 22:23:36 EEST 2021
Afiseaza conturi, cont 13RO4900004949,Tue May 04 22:23:37 EEST 2021
Adaugare cont, cont 13RO4900004949,Tue May 04 22:23:38 EEST 2021
Plateste o factura13RO4900004949,Tue May 04 22:23:41 EEST 2021
Afiseaza conturi, cont 13RO4900004949,Tue May 04 22:23:54 EEST 2021
Afiseaza conturi, cont 13RO4900004949,Tue May 04 22:23:55 EEST 2021
Afiseaza carduri, cont 13RO4900004949,Tue May 04 22:23:56 EEST 2021
Adaugare cont, cont 12RO3420001234,Tue May 04 22:32:23 EEST 2021
Afiseaza conturi, cont 12RO3420001234,Tue May 04 22:32:36 EEST 2021
Afiseaza conturi, cont 12RO3420001234,Tue May 04 22:32:38 EEST 2021
Afiseaza carduri, cont 12RO3420001234,Tue May 04 22:32:38 EEST 2021
Plateste o factura12RO3420001234,Tue May 04 22:32:43 EEST 2021
Afiseaza tranzactii, cont 12RO3420001234,Tue May 04 22:32:46 EEST 2021
Verificare sold, cont 12RO3420001234,Tue May 04 22:32:47 EEST 2021
Adaugare cont, cont 12RO3420001234,Tue May 04 22:32:49 EEST 2021
Adaugare card, cont 12RO3420001234,Tue May 04 22:32:50 EEST 2021
Adaugare cont, cont 12RO3420001234,Tue May 04 22:32:53 EEST 2021
Adaugare cont, cont 12RO3420001234,Tue May 04 22:33:00 EEST 2021
Plateste o factura12RO3420001234,Tue May 04 22:33:02 EEST 2021
Adaugare cont, cont 12RO3420001234,Tue May 04 22:33:04 EEST 2021
Adaugare cont, cont 13RO4900004949,Tue May 04 22:34:17 EEST 2021
Adaugare cont, cont 13RO4900004949,Tue May 04 22:36:17 EEST 2021
Adaugare cont, cont 13RO4900004949,Tue May 04 22:42:13 EEST 2021
Adaugare card, cont 13RO4900004949,Tue May 04 22:46:11 EEST 2021
Adaugare cont, cont 13RO4900004949,Tue May 04 22:46:12 EEST 2021
Adaugare cont, cont 12RO3420001234,Tue May 04 22:52:14 EEST 2021
Afiseaza conturi, cont 12RO3420001234,Tue May 04 22:54:57 EEST 2021
Adaugare cont, cont 12RO3420001234,Tue May 04 22:54:58 EEST 2021
Afiseaza conturi, cont 12RO3420001234,Tue May 04 22:55:11 EEST 2021
Adaugare cont, cont 13RO4900004949,Wed May 05 05:48:09 EEST 2021
Adaugare cont, cont 13RO4900004949,Wed May 05 05:48:30 EEST 2021
Adaugare card, cont 13RO4900004949,Wed May 05 05:48:32 EEST 2021
Afiseaza tranzactii, cont 13RO4900004949,Wed May 05 05:48:41 EEST 2021
Plateste o factura13RO4900004949,Wed May 05 05:48:42 EEST 2021
Afiseaza tranzactii, cont 13RO4900004949,Wed May 05 05:48:43 EEST 2021
Verificare sold, cont 13RO4900004949,Wed May 05 05:48:45 EEST 2021
Adaugare card, cont 13RO4900004949,Wed May 05 05:48:47 EEST 2021
Adaugare cont, cont 13RO4900004949,Wed May 05 05:48:49 EEST 2021
Afiseaza conturi, cont 13RO4900004949,Wed May 05 05:48:50 EEST 2021
Afiseaza carduri, cont 13RO4900004949,Wed May 05 05:48:53 EEST 2021
Plateste o factura13RO4900004949,Wed May 05 05:48:59 EEST 2021
Afiseaza tranzactii, cont 13RO4900004949,Wed May 05 05:49:00 EEST 2021
Afiseaza tranzactii, cont 12RO3420001234,Wed May 05 05:56:52 EEST 2021
Afiseaza tranzactii, cont 12RO3420001234,Wed May 05 05:57:16 EEST 2021
Afiseaza tranzactii, cont 13RO4900004949,Wed May 05 05:57:34 EEST 2021
Afiseaza tranzactii, cont 13RO4900004949,Wed May 05 05:57:36 EEST 2021
Afiseaza tranzactii, cont 13RO4900004949,Wed May 05 05:57:37 EEST 2021
Afiseaza tranzactii, cont 13RO4900004949,Wed May 05 05:57:37 EEST 2021
Afiseaza tranzactii, cont 13RO4900004949,Wed May 05 05:57:37 EEST 2021
Afiseaza tranzactii, cont 13RO4900004949,Wed May 05 05:57:37 EEST 2021
Afiseaza tranzactii, cont 13RO4900004949,Wed May 05 05:57:38 EEST 2021
Afiseaza tranzactii, cont 13RO4900004949,Wed May 05 05:57:38 EEST 2021
Afiseaza tranzactii, cont 13RO4900004949,Wed May 05 05:57:38 EEST 2021
Afiseaza tranzactii, cont 13RO4900004949,Wed May 05 05:57:38 EEST 2021
Afiseaza tranzactii, cont 13RO4900004949,Wed May 05 05:57:40 EEST 2021
Afiseaza tranzactii, cont 13RO4900004949,Wed May 05 06:03:18 EEST 2021
Afiseaza tranzactii, cont 13RO4900004949,Wed May 05 06:03:19 EEST 2021
Afiseaza tranzactii, cont 13RO4900004949,Wed May 05 06:19:54 EEST 2021
Plateste o factura13RO4900004949,Wed May 05 06:19:55 EEST 2021
Afiseaza carduri, cont 13RO4900004949,Wed May 05 06:30:40 EEST 2021
Afiseaza conturi, cont 13RO4900004949,Wed May 05 06:30:41 EEST 2021
Plateste o factura13RO4900004949,Wed May 05 06:30:46 EEST 2021
Afiseaza tranzactii, cont 13RO4900004949,Wed May 05 06:30:47 EEST 2021
Afiseaza carduri, cont 13RO4900004949,Wed May 05 06:30:52 EEST 2021
Alimentare card 5567909312,Wed May 05 06:31:45 EEST 2021
Afiseaza tranzactii, cont 13RO4900004949,Wed May 05 06:31:48 EEST 2021
Afiseaza tranzactii, cont 13RO4900004949,Wed May 05 06:35:06 EEST 2021
Afiseaza tranzactii, cont 13RO4900004949,Wed May 05 06:35:07 EEST 2021
Afiseaza tranzactii, cont 13RO4900004949,Wed May 05 06:39:06 EEST 2021
Afiseaza conturi, cont 13RO4900004949,Wed May 05 06:39:19 EEST 2021
Adaugare cont, cont 13RO4900004949,Wed May 05 06:39:19 EEST 2021
Adaugare cont, cont 13RO4900004949,Wed May 05 10:24:53 EEST 2021
Afiseaza conturi, cont 13RO4900004949,Wed May 05 10:25:17 EEST 2021
Adaugare cont, cont 13RO4900004949,Wed May 05 10:33:00 EEST 2021
Afiseaza conturi, cont 13RO4900004949,Wed May 05 10:33:15 EEST 2021
Adaugare cont, cont 13RO4900004949,Wed May 05 10:36:50 EEST 2021
Afiseaza conturi, cont 13RO4900004949,Wed May 05 10:37:03 EEST 2021
Afiseaza carduri, cont 13RO4900004949,Wed May 05 10:37:29 EEST 2021
Afiseaza conturi, cont 13RO4900004949,Wed May 05 10:37:30 EEST 2021
Adaugare cont, cont 12RO3420001234,Wed May 05 10:38:55 EEST 2021
Adaugare cont, cont 12RO3420001234,Wed May 05 10:40:31 EEST 2021
Adaugare cont, cont 12RO3420001234,Wed May 05 12:58:19 EEST 2021
Afiseaza conturi, cont 12RO3420001234,Wed May 05 12:58:39 EEST 2021
Afiseaza carduri, cont RO02CPAO78743343675055789845,Wed May 05 12:58:55 EEST 2021
Afiseaza conturi, cont RO02CPAO78743343675055789845,Wed May 05 12:58:56 EEST 2021
Adaugare cont, cont RO02CPAO78743343675055789845,Wed May 05 12:58:59 EEST 2021
Verificare sold, cont RO02CPAO78743343675055789845,Wed May 05 12:59:00 EEST 2021
Afiseaza tranzactii, cont RO02CPAO78743343675055789845,Wed May 05 12:59:02 EEST 2021
Plateste o facturaRO02CPAO78743343675055789845,Wed May 05 12:59:04 EEST 2021
Afiseaza carduri, cont RO02CPAO78743343675055789845,Wed May 05 12:59:07 EEST 2021
Afiseaza conturi, cont RO02CPAO78743343675055789845,Wed May 05 12:59:08 EEST 2021
